ngram,score
зламаний,0.34733875975754147
плямами,0.3470693776318101
слабка,0.34703369197181444
дверцята,0.34450962155909
павутина,0.3443620309858793
раковині,0.3437991998921649
незручні,0.34364602310478976
шторка,0.34282639260407194
погана,0.3426075670734506
жахлива,0.34253387273542213
пружини,0.342125892919695
неприємно,0.3409749742429143
слабкий,0.3408440088060474
грибок,0.3406077920469395
умивальнику,0.3403776499942905
незручна,0.3402506385442032
злив,0.3399884197016436
зламана,0.3395922748592205
відсутня,0.3393916567130103
каналізації,0.339384364448116
неприємний,0.33924623794460446
розмови,0.3389027627591968
плямах,0.3387161368889134
брудна,0.33834767909033364
брудні,0.33813220179397424
жахливі,0.33780911009650694
каналізацією,0.33737841495979537
брудно,0.33721522869142556
унітазу,0.3366956215032068
цвіль,0.33494074824317066
плями,0.3347535158710761
поламаний,0.33453057208696896
тонкі,0.33450644729627826
брудний,0.33444810164853267
ручка,0.3343857486393119
сіток,0.33434393930287504
гучний,0.3340457625099032
скрипучі,0.33403709871294707
кабіні,0.3338900871139739
таргани,0.3337753930297751
смерділо,0.3329200216931961
неможливо,0.33282925056068813
простирадло,0.3325473326787319
сильна,0.33223877530738416
шумоізоляції,0.3316675952700982
незручно,0.3316336554074752
слив,0.3316158330797518
смердить,0.3313135137442945
протікає,0.33125286232573314
відсутній,0.3310741035325514
оновити,0.33101152056797833
крана,0.33101152056797833
незручний,0.3309772072978159
жахливий,0.3309024835395616
сутність,0.33081835055171543
голосно,0.3307866309530944
звук,0.3304875855076208
провітрити,0.330473159276262
заміни,0.3303920206525971
забитий,0.3299838378337527
витяжки,0.3298567702418124
сморід,0.32969903425711145
пил,0.3291856580328743
потребує,0.32896106554614835
кабінці,0.3289610655461483
повісити,0.32876406192203833
тече,0.32871666796969107
заснути,0.32858475044265945
жахливо,0.32854186234573995
сусіднього,0.32806209093018107
комарі,0.328029102780991
убогий,0.3279683920124705
паперу,0.32782965640232914
ледь,0.32771954116799096
покривало,0.32725861537742235
недостатньо,0.327136296130901
незручне,0.32710112916202444
повинна,0.32678017107453455
душно,0.3266230007771837
стіною,0.32652679710882676
відсутність,0.32638199255175465
огидний,0.3263766709567438
темно,0.32492108774440825
вивіски,0.3247386302343605
сигарет,0.32370669316117867
звукоізоляції,0.3233230480641433
замінити,0.3232537722681889
запах,0.3230615637902165
дзвонити,0.3230583837104615
витяжка,0.3226161775459629
старі,0.322585526430078
відбувається,0.32194376298820865
вхідні,0.3219246373917329
вимагає,0.3218453938039019
душовій,0.3217733416292192
прибирати,0.3216827975901332
розетка,0.3213634917338441
поліпшити,0.3209992279601801
волосся,0.32063694024317135
дме,0.32057252662851266
розмовляють,0.3205530169821896
підлозі,0.32052044774583976
стіни,0.3204685567559601
зверху,0.3202574780242699
вогкості,0.3195806904758934
холодно,0.3194378995928826
накурено,0.31939263642037685
відсутні,0.3190767945189066
дихати,0.3189323984855464
новато,0.3188567778897725
холодний,0.3187783978993507
дискомфорт,0.3187299818689634
некомфортно,0.31858389413470384
почали,0.3183229782470701
сусідніх,0.3181975036450739
незрозуміло,0.31809268650422545
бажано,0.3180245965919779
бракує,0.31790135169253575
дверях,0.3176800551364592
відкрити,0.31753027259250055
фактом,0.31741708541488944
шпалери,0.3173427390170526
однодольні,0.31723485316830413
жахливе,0.3163667959503915
кран,0.3163458160473946
пульт,0.316040174716394
результаті,0.3159934725045235
бажати,0.3159399515107099
гучна,0.31577106532912824
стіну,0.31524247447026144
доводиться,0.31522072331297324
бруд,0.3151941039760417
слабенький,0.3146536005062714
вхідних,0.31425461611265754
ноги,0.31409716931945153
двері,0.3139618218458442
дверима,0.31386325546211946
термінал,0.3138127590395403
хтось,0.3131082898572119
прокурений,0.31308716244412654
см,0.31276945663172
приймати,0.31264761780867273
вентиляції,0.31255136066876593
душової,0.3124788614506514
шумить,0.31226867149305754
вентиляція,0.3120989197168558
покласти,0.31208580240613687
ситуація,0.3120629994089983
полички,0.3119409465783199
коридору,0.311895465477638
сусіди,0.3117321951548609
жах,0.31111409858440014
туалеті,0.3109529556276692
порожній,0.3108692336609211
погано,0.31072831847767873
могла,0.31034681541773235
факту,0.31028352457170183
холодні,0.3099837223727863
повинні,0.3096141556822903
підлогу,0.30871884074544925
жалюзі,0.3084980115984644
доводилося,0.30836033772666493
прибрати,0.30823849890361776
сміття,0.30823849890361765
ліфта,0.30816897841653107
вибачте,0.3081593564010018
дивний,0.30799702295527626
якийсь,0.3078086947090375
дверей,0.307789228709859
галасливі,0.30730553510357145
повинен,0.3071621799341222
кабіни,0.30710652077773526
помитися,0.3069133070508075
ніякої,0.3067691721450988
унітаз,0.30644611302515085
сказали,0.3064014396912804
маленьке,0.3063677832018901
стін,0.30612101795652097
вказано,0.30547155696827655
зіпсувало,0.30523252648070615
рецепцію,0.30501751146753314
підсумку,0.30480052696044463
довелося,0.3047961377312031
будівництво,0.3047587497989576
залишає,0.3045639401658322
ванну,0.3042541179120289
відкриваються,0.30424480777789686
завищена,0.30371551477101094
міняти,0.30366934069364454
просити,0.3034795309597846
готівкою,0.3027543772065636
розетки,0.3026663974477588
недолік,0.30237712346332873
запахом,0.3023632970523535
періодично,0.30227555192994104
сусідньому,0.3022641741779616
мінусів,0.3020055242640999
погане,0.30075181289577413
сітки,0.30062911489411515
голову,0.3005554131066254
відкривати,0.30049929390413793
критично,0.30032944735241907
поміняти,0.3002831622941094
чутно,0.2997055843706149
попередніх,0.29969854997433
плитка,0.29936371791225147
розумію,0.2992410762730207
провітрювання,0.2991966494424461
тісно,0.2987157411637207
заплатити,0.2987080375605258
телевізора,0.29815392509543126
вийде,0.29808449907307855
говорять,0.2977298281820696
шампуню,0.2971574052817519
точніше,0.29701579479486917
злегка,0.29679987469534364
карти,0.2967609797495542
закриваються,0.29658434393067024
скрипить,0.29649075606652114
сильний,0.2962819104352287
закрити,0.295714536946744
стара,0.29560188436336976
працювала,0.2955044699153662
прохолодно,0.2954661084061325
коридор,0.2952810822472697
надто,0.2951467574412388
жодної,0.29508935284371907
написано,0.2950521472681945
пахло,0.2946709485939704
додати,0.2944502144179844
завадило,0.2942398513807384
якась,0.2942068440098766
якось,0.2940391453083517
шумоізоляція,0.2939926609267731
ставити,0.2938699945829793
кондиціонера,0.293865620869083
сильно,0.29382111761571583
другого,0.29350438214162716
стояв,0.2934114804095225
доплатити,0.292977529107515
туалетного,0.2927701562999627
підніматися,0.29267395639218136
головою,0.29260345976319724
важко,0.29205173781034244
кольору,0.29183554979607695
явно,0.2918177995096915
будьте,0.291810118251776
ковролін,0.29157725257225403
туалету,0.2915413322643966
підвалі,0.29130541804168897
тісний,0.2908904036517641
гелю,0.29078526033157903
кабінки,0.2902942546468267
градусів,0.2899744501538017
капців,0.28995837336024455
канали,0.28909949603388324
нет,0.2885776734321521
включити,0.2885430648470633
страшно,0.288459850728797
прибрали,0.2884397524118393
чекати,0.28813053889998247
пилу,0.28773873871666916
тягне,0.28765873604868886
важкувато,0.2876400402316472
відповіли,0.2875823266791498
старий,0.2874845762949517
платити,0.2869750818231059
шум,0.2867952664257326
раковина,0.286713589904376
покриття,0.2866901303780014
постійний,0.286513647687363
душі,0.2860326534284709
зрозуміло,0.2860214705355151
прийшли,0.2858907240744754
нема,0.28584406265645357
працював,0.28575097443378816
гарячої,0.28570789659528545
телефон,0.28516548608121084
пол,0.285160138647754
звуки,0.2846509334630362
вікні,0.2840089088812686
кращого,0.28379480384479544
шафи,0.28342692005694387
робити,0.2829874082107665
недоліків,0.2827305458225927
стінах,0.2820348396555515
проблема,0.2819844837529032
відповідь,0.2816689639120051
зазначено,0.28126657027255936
чути,0.28087395179481134
москітну,0.2806131136020684
інакше,0.2805991025207546
спати,0.2804050789154512
звукоізоляція,0.28000591777081535
мінус,0.27993365057420416
складно,0.27981642822286373
мінусом,0.27969502535345625
шумно,0.2796096052575348
нікому,0.2793817588811439
кажучи,0.27912418930911753
вікнах,0.27887384623179917
інформації,0.27819613302355856
могли,0.27811341814245844
старе,0.277449671450276
змінити,0.27705089521232573
незручності,0.27686503961687153
ковдра,0.27685357233898056
вікно,0.2763206681171684
можливості,0.2761953486870957
спускатися,0.2757355344759017
якісь,0.27568618002594764
замість,0.27552632924015286
холодильника,0.27545987944798445
напір,0.2747109817432791
тумбочці,0.2745179190675488
місцями,0.274155446008076
одна,0.27408494365696284
ласка,0.27405705577614115
ніде,0.27389631338663006
зміг,0.2738721673587374
вистачає,0.2731629799587705
ніяк,0.27235707634980183
комарів,0.2723053715480379
карткою,0.2722838744817346
сходах,0.2720787013676522
виявилося,0.27175704969825065
воді,0.27170708727942466
зняти,0.27170708727942466
стіні,0.2717070872794246
працювати,0.2716451487363268
такого,0.27154661902732624
вистачало,0.271520253771745
людям,0.27148465732224336
оплату,0.27119239474524887
працювали,0.2710563700970128
виправити,0.2707721149443516
чомусь,0.27058832548671946
обіцяли,0.27047249818055136
оплатити,0.2703752271105581
розміром,0.26937537556190416
попередили,0.2693472889740473
змогла,0.2690684832290273
мала,0.26900309220550495
руки,0.2688354585270348
нічим,0.2686345655342569
побачили,0.26857500495359043
би,0.2685750049535904
назвати,0.26844206444485275
закривається,0.2682819767083489
виявилася,0.26812127569563526
почекати,0.26812127569563526
цвілі,0.2680116468973999
дзеркала,0.26794140636943475
коридорі,0.26788048701369965
воду,0.26776660480462644
банкінгу,0.2675837824563558
зайти,0.267522000753157
зауваження,0.2674542962555087
трошки,0.26685842373891583
схоже,0.26662112055322706
сусідів,0.26496822356105854
часів,0.2648721746417581
умивальник,0.26451088028293024
ремонту,0.263920889093903
одноразових,0.26301842545398846
кімнату,0.2629859533548359
тапочок,0.2626811901772788
ліжку,0.2625493527418409
тобто,0.26251050302745277
можливо,0.2624368165869234
прибиральниця,0.26243006769636457
музику,0.26193463999674527
пасти,0.26181587321669497
жарко,0.26171752531847287
ванній,0.2615366792963951
якби,0.2615294056947184
зубної,0.2612341272120849
проблеми,0.26085165736622645
маленька,0.2607412501509186
описі,0.2606717880400258
першого,0.2603846511820269
спальному,0.26032288705166556
кінця,0.26029593818367874
принести,0.26008410935508286
дивно,0.259886533931815
букін,0.25986259369020887
бронюванні,0.25971163504097455
шафі,0.25935079203936584
проблемою,0.25909195915383504
сусідній,0.25906780820252046
зняли,0.2582380417635397
жодного,0.2580571234181183
com,0.25774230319273156
ходять,0.25746664816481446
яні,0.25741085852097084
телефону,0.2559732804538849
валізами,0.25589270837669625
мешканців,0.2558868192786236
прийшов,0.2555321483876148
поганий,0.25521175406699476
холодну,0.25504717404140154
сигнал,0.25489860417328863
іншому,0.25485934502779845
радянський,0.25446113802508924
дещо,0.25351685715228917
повідомили,0.2529742433295198
маленькі,0.25294409201687773
картки,0.2527392482034447
фена,0.2526464601501266
знайшов,0.25256991610971036
одяг,0.25247730942475427
booking,0.25207161627810826
виходить,0.2516437471746817
халата,0.25151087445469056
суму,0.2514584860685303
санвузлі,0.2513717649620635
кабінка,0.25136622213341214
обігрів,0.2506432282956338
чайника,0.25053610089452244
ситуацію,0.2502852539249677
беріть,0.25002305360283905
очі,0.25002305360283905
душа,0.2498813079565195
дорогувато,0.24977981949852343
хотіли,0.24977981949852343
скоріше,0.24969389715539952
включили,0.2493718396827963
води,0.24911621610093984
таким,0.24901217549503255
надати,0.24830763340436976
постійно,0.24817601412127877
дати,0.2481081303084079
переселили,0.24800809044507918
доведеться,0.2479664787350551
заважало,0.24781379313556687
рушник,0.24770681087565818
ранок,0.24762297833376998
попросив,0.24709898085075188
могло,0.24698177818322015
нікого,0.24693197662569716
питної,0.24611618103540184
хотілося,0.24592347144970098
вистачило,0.24584488098448304
холодна,0.24559687401996566
поверх,0.24525045821883254
відкритим,0.24431692379702125
замок,0.24430416862478363
стілець,0.24424027396166761
повна,0.24407985243758545
прийняти,0.2440185128529299
ходити,0.2431854856705594
ванни,0.24305527249352826
ліжок,0.2428651277098395
вкрай,0.242480580757024
шукати,0.24230388265385958
бару,0.2420296779839676
стоять,0.24181088982724813
проходить,0.24180012330770856
факт,0.24168321248342
ніхто,0.24129170927300456
трішки,0.24064954668091487
зауважень,0.23973788120438286
першої,0.2396829801889626
90,0.23925018381242083
маленьких,0.23925018381242083
вході,0.23841592055305405
насправді,0.2383057464131041
деякі,0.2381491355740478
ванної,0.2381236086491666
мабуть,0.23803565142208236
батарея,0.23762055907891264
поселенні,0.2375205455448953
вікон,0.23645256028580422
поставити,0.23625654407046925
інтернету,0.2354723544586466
пів,0.2353043163517317
сходами,0.23393753479278107
одно,0.23385202860402596
бронь,0.23364630629442226
оплата,0.2336203495970531
21,0.23345858444931092
вдень,0.23318627211773446
ковдру,0.23316270054282012
рахунок,0.23278366590280386
сходи,0.23237146834798716
ним,0.23234608956160135
залишати,0.2323023076691399
наче,0.23219130588402367
висока,0.23208947037896815
відповідно,0.23186823018982128
хотів,0.23186823018982128
опалення,0.23182357036337403
разом,0.23176542642986597
приміщенні,0.23175003873939712
знає,0.23139846867089542
чекали,0.23121414618871844
одному,0.23103807490745154
коридорах,0.23070856466258263
потрапити,0.23050201770259177
таки,0.23027847884214334
стоїть,0.23013818200033856
людини,0.22991751928522083
столі,0.229795221566956
батареї,0.22966794430769005
вішалки,0.22955683041843003
вважаю,0.2293413220791831
кабіна,0.22921932777775436
проблему,0.22918739154204976
броні,0.22917700867693733
вентилятор,0.22886272005009603
освітлення,0.2287956941248294
знайшла,0.22867878269530587
вдалося,0.22802572729398415
жаль,0.22801829678828392
температура,0.22789985975958443
виду,0.22750342478737126
штори,0.22709999281976
просили,0.22676040581759022
бо,0.226186714889724
швидше,0.22583626541990826
деяких,0.22573871499678852
зробити,0.22568337868902696
попросила,0.22533736303086355
начебто,0.2248071310949582
вночі,0.224768651416097
їзді,0.22425836997422413
кімнаті,0.22388646900526601
туалетний,0.22292704438134503
пішла,0.22290767309822215
ніг,0.22280830357899142
нереально,0.22266892794175427
чули,0.22195809198831415
виселенні,0.221076639022113
розеток,0.22081881460101324
попросили,0.22062790680332356
нашому,0.22055456483204341
санвузла,0.2190467977241338
одне,0.21874558575855468
тумбочки,0.21839838518260937
слід,0.21808235076180602
чек,0.21795810688114078
ключ,0.21745843024443556
вулицю,0.21733742007847373
халатів,0.216976282560273
номерами,0.2161878326615431
друге,0.21614544592698837
чогось,0.21611802921147755
моєму,0.21604380262032058
боку,0.21574429196399295
вікном,0.21572829626288936
одній,0.21569663406902825
платний,0.21515298640094188
підлоги,0.21485050569282246
стало,0.21478718069755537
дивитися,0.21413946322938965
такому,0.21398822015563296
спали,0.21397834488886494
наприклад,0.21395059848107584
папір,0.21385954412082508
мінуси,0.21383351430380723
момент,0.2137774002806136
заселенні,0.21372028892958575
музика,0.2133720227011778
ніякого,0.21332112026650324
третьому,0.2128944710287547
дорожче,0.21269154548254887
варто,0.21254239381240717
місцях,0.21232612246592142
засобів,0.21165150151618164
дні,0.21160712671399465
стали,0.2114436477334845
людину,0.21128788054918007
інформацію,0.21076846714368316
холодильнику,0.21047008548859084
оплати,0.2102521669260657
вийшло,0.2102444193458655
кінці,0.2098646763746561
шкода,0.20968909098952299
ковдри,0.2096580843510274
мають,0.2096580843510274
коштує,0.2093731838146161
маленький,0.20931840074845032
забронював,0.20882121181961705
кондиціонери,0.20867656752788755
щось,0.20851484923076546
загальне,0.20823472357126507
температуру,0.20780271151723545
забули,0.20778382079820878
двомісному,0.20771847449781208
таких,0.20733479476984046
мою,0.20722746881305967
хліб,0.20719504788945822
вхід,0.2071396936790227
курити,0.20706226454482665
минулого,0.20631412571743313
випадку,0.20631412571743313
ліжками,0.20631412571743307
карту,0.20595356572835163
напевно,0.20573468002519957
гірше,0.2054727412465092
куріння,0.20535329682573564
приміщення,0.20473199470755843
заїзді,0.20466828961447217
душу,0.20408727016890815
виходять,0.20400199346705572
стан,0.203847075926349
телебачення,0.2038253253137384
десь,0.20367874151335835
дешевше,0.2035031483836047
вільних,0.20340913507402594
поміняли,0.20340164213518114
рідке,0.2030984381857371
суті,0.20292779681095485
слова,0.20225526924056553
двоспальне,0.2015536832268959
знайти,0.20095239734532502
потрібна,0.2007691715401265
весілля,0.20066588490383414
рази,0.20016533660736624
картою,0.19999700369374065
поставили,0.1998319981895128
балконі,0.19983199818951275
виходити,0.1995807430584648
робили,0.19943255508763294
розміру,0.1992137852994941
ранку,0.19897376255168975
грн,0.1989485672870359
мінімум,0.1988582433378412
іншого,0.19878605942977126
причому,0.19836664215771027
валізу,0.19831182343447623
80,0.19809379547074213
брати,0.19804431578098597
годину,0.19772989107527306
взагалі,0.1964958983719956
бачив,0.19642088511532402
вийти,0.19619909540782093
заздалегідь,0.1958950091132909
знайшли,0.19578901161016454
22,0.19574682866788448
40,0.19492214188644183
загальний,0.19439540503363253
знаю,0.19407966930042153
гості,0.19404606688004788
іншим,0.19367548641233412
150,0.19356190352789282
подушка,0.19338424163877024
адміністратора,0.1933147203567731
змогли,0.19215854045291622
платна,0.19207368660282284
душова,0.1920464472088748
столу,0.1919676673824
мила,0.1919272705261751
вечір,0.19177126120748372
замовили,0.1917257639069442
душ,0.1915648234691557
вартості,0.191469591464522
парковку,0.19086328540957417
поспати,0.19036161678280458
каналів,0.1901250787975582
прибраний,0.19007692684674762
гривень,0.19006660481126467
машин,0.18998458411070043
ліжком,0.18978011736994502
not,0.18971486389797143
фактично,0.18912519037641878
самостійно,0.18894002964801043
дорогий,0.18883661388804962
шукали,0.18876016032180984
кімнатах,0.18870134072641925
намагалися,0.18851680939502466
номером,0.18847931688566452
сайті,0.18831255566667263
500,0.18812112089141414
белуші,0.18763191274967897
світло,0.18723283669871393
повернули,0.18635603445741425
зранку,0.1863230566619269
одягу,0.18625126526761646
півгодини,0.1859925481787219
потрібен,0.18594204882030424
вікнами,0.1859383663457151
нічний,0.18583665032885063
такої,0.18567088407923793
максимум,0.1856295268575821
осіб,0.18536292285909112
людей,0.1851685228103777
но,0.18495107410190753
отримав,0.18495107410190742
бронювання,0.18450144014586475
має,0.1840377310062809
бачила,0.18370310059401193
житлового,0.1836094749002805
постояльців,0.1830017900833521
система,0.18283302986791022
пов,0.18242505005218315
йде,0.1823888573373071
їзд,0.1819692792981668
грошей,0.18192396025169488
частину,0.18143042786926486
оскільки,0.1810651356781902
їдальні,0.18069388335077208
настільки,0.18007877485923307
охоронець,0.17996703049173038
заважає,0.1795094215848197
велику,0.17948661619284847
комплект,0.17936475539222044
єдиний,0.1790300871594719
дорога,0.17900482711844587
відвідувачів,0.17865485724955427
відчуття,0.17803096045801156
частина,0.1778156405982637
думаю,0.17778658788514437
стільці,0.1773504297821165
користуватися,0.17724543300001971
300,0.17716039834677555
склянки,0.17710949551435567
от,0.17710162764689705
23,0.17706461570013032
часом,0.17702474961544556
скромний,0.1769520020648817
пощастило,0.17687008289423348
години,0.17651487986955866
замінили,0.17635090233998993
говорить,0.17635090233998987
взяли,0.17635090233998987
відкривається,0.17571363959629624
спальні,0.17558562552187762
пара,0.17539325149571786
стоянки,0.17531067553871219
світла,0.17523014176469412
ходить,0.17504866903474536
увечері,0.1746511174620955
покоївка,0.17451066873107451
недоліки,0.17433092436398256
ключі,0.1739841690608829
період,0.17381856582459476
00,0.17369595775979918
тиждень,0.17369465869624984
дрібниця,0.17299726033240215
двома,0.1721869732047212
роботи,0.17214898791222052
дрібні,0.17205092184726584
другому,0.17205092184726584
присутній,0.17183032416617705
разів,0.17121126268757883
мого,0.17085343042877216
коротше,0.17077580033844408
погляд,0.17076504421837613
необхідно,0.17074044345581532
викликати,0.17065515536510842
50,0.17053251603470868
всій,0.170233977530308
добу,0.17021545948396027
виявився,0.16974553574146312
поверхах,0.16972032344097687
жив,0.16942972825990835
16,0.16936478147932385
зв,0.1692890478525031
корпус,0.16912110072101483
замовлення,0.16876176673043827
бойлер,0.16830818208457596
сну,0.16809267719498042
проте,0.16786279211447097
праски,0.16773521978388142
сніданку,0.1673960596870635
душовою,0.1661317371583039
залишився,0.16591505577781582
подушки,0.16554637476842907
бронювали,0.16535551803852672
18,0.16512819823124147
заявлено,0.16488027325438534
годин,0.16471731883197782
житловому,0.16461249906874573
роблять,0.16411644592297822
одні,0.16401716726626456
30,0.16343175133182214
уваги,0.16316090212296983
нормально,0.16304991395429352
дороги,0.16281542331111576
язку,0.16277809515071606
ночі,0.16274265122007506
заїхали,0.1626865780327074
ніч,0.1624932583585767
ванні,0.16241512439669745
останній,0.16220983274461054
вранці,0.16153954439677773
туалет,0.16131390558734154
замовляти,0.16069331320097138
одним,0.16023694836874655
йти,0.1600704496795244
сон,0.15996048615182057
заважав,0.15987162794549456
набагато,0.1596836811303725
хочете,0.15898878333877997
дзеркало,0.15872493913951366
матрац,0.15820373989257067
залишилося,0.15812608223379085
разі,0.15770879228393173
додатково,0.15751107932445138
валізи,0.1572770213926728
яйця,0.15716758596765046
зірки,0.1569405070050176
дрібниці,0.15680879461609007
квартиру,0.15672426863647265
адміністрації,0.15668318635588102
білизни,0.15614751625170298
доби,0.15602932480127876
вибору,0.15595774369814666
офіціант,0.15593643752001285
типу,0.155529127307833
ввечері,0.15544107414942854
люксі,0.15527587625634548
виспатися,0.1551006025701969
увагу,0.15493440238498346
виїзді,0.15489373820781957
сніданків,0.15466948482430296
пахне,0.15459368818308128
вулиці,0.15445046100880658
підлога,0.15416934210500952
постільної,0.15378507444124856
машини,0.15367458802409006
претензій,0.15363751834303016
гостя,0.15356301411075376
диван,0.15275722204864325
200,0.15212102271548916
реально,0.15201134706506428
пройти,0.1514435507524349
їсти,0.151336629487019
туалетом,0.15130703228920858
протягом,0.15122162811039386
виглядає,0.15105309441201467
номерів,0.1505402519598218
пішов,0.15041516824559018
дали,0.1501605370560072
что,0.14967022270434746
перше,0.14935090677362356
пояснили,0.14916465132576676
душем,0.14907681747332804
працює,0.14876435880363978
діти,0.14832217873974637
ліфт,0.14819075356643194
чим,0.1481369390346974
днем,0.14802563077199116
нашого,0.14739856867773043
чоловік,0.14697459953850617
запитання,0.14615611698323872
19,0.14605036284314002
косметики,0.14581283509052845
дерев,0.14551120140591792
обігрівач,0.14505854408609067
кондиціонером,0.14496853673215862
єдине,0.14391496383754063
дитина,0.14363897053439578
сан,0.14335064223706462
quota,0.14233181505055895
снідати,0.14216187003492797
користування,0.1421368018088883
чесно,0.14158879608077798
купити,0.14107514199144686
кухню,0.1410588454574798
11,0.14005783073050138
двору,0.14004965277375658
17,0.13936733608681992
паркуванням,0.13915121541458023
двомісний,0.1391028449203604
пропонують,0.1383971162319705
трьох,0.1382128086495068
видали,0.13819320034727514
виходили,0.13765936979147372
го,0.13759831334797332
му,0.1375645804276951
приїзду,0.13755619790167348
чекав,0.13715718128170304
паркування,0.13700851338196848
можете,0.13658377546850226
сподіваюся,0.13649497177084022
отримати,0.13645320826871607
вирішили,0.13562147930987828
непогано,0.13557235041901222
меблів,0.13544591457372687
працюють,0.13533244769342023
повітря,0.13510240867754347
розташовані,0.13481673013640091
номерах,0.1342629114230765
адміністрація,0.13336846583408685
парковки,0.133327959623756
взуття,0.1330044907376558
принесли,0.13253408616936158
13,0.1324454166409083
запаху,0.1305934117793148
годині,0.13033107744219094
першу,0.1297124896072898
парковці,0.12920588829267354
те,0.12885338421001924
корпусі,0.12821371003396012
окрему,0.12809026662551054
входу,0.127969267953166
полотен,0.12774556890648853
огляду,0.12772135466757592
взимку,0.12727701989081383
чистоти,0.1263425346256563
додаткову,0.1260962393852473
речей,0.12589829057093493
приблизно,0.12574090898490273
салат,0.12489499568054825
душові,0.12438909937803001
дають,0.12388193607799958
поверху,0.12368010747359572
гарячою,0.12365735739334327
їзду,0.12319239719500999
знаходяться,0.12301631347497614
барі,0.12293463015891193
великого,0.12220098672401504
вода,0.12204491230235233
сторону,0.12116993269613162
закритий,0.12093637825011379
працювало,0.11944605100351738
гостей,0.11895396091078313
навпаки,0.11875904243058302
стелі,0.11863959800980942
поверсі,0.11808962544241344
ду,0.11732614992453537
приводу,0.1169137144881222
потрапили,0.11682813078858367
враження,0.1160787102735858
влітку,0.11595288559642478
довше,0.11580176751150961
яким,0.11496810388311506
номеру,0.11443175223688919
натиск,0.11411195807233326
плату,0.11379539867534852
рушників,0.11374468225245482
хостел,0.11351923421994645
кімнат,0.11349911459119259
особисто,0.11323896748852863
яку,0.11289244055519806
дорослих,0.11278385336075734
наступний,0.1124140080895653
звичайний,0.11205855244127451
номері,0.11158672267585462
асортимент,0.11126564355734705
кількості,0.11095794077799842
чаю,0.11086170043943137
будинку,0.11079119303860936
послуга,0.11045694833264316
взяти,0.11000688099753732
прибирали,0.10866083941156826
чітко,0.10863883589126447
порівнянні,0.1084506667020542
гостям,0.10811348922788211
серед,0.1081044773796949
сезон,0.10806713531103675
ближче,0.10768413231510293
покоївки,0.1074609574233746
видно,0.10730760888282251
причепитися,0.10705445243201756
враховуючи,0.10645973206259542
відразу,0.10631023310005099
приладдя,0.10610949455820778
документи,0.1060812619019084
стільки,0.10564396383606997
їжі,0.10540025199920118
попросити,0.10523727804039808
забронювали,0.10429701788682866
пляшки,0.1038002351913782
цій,0.1031963893550322
14,0.10297793654482973
запропонували,0.10285822957713617
продукти,0.10272823345756332
днів,0.10256468817907125
клієнтів,0.10213744320422713
wifi,0.10183293656214032
12,0.1014685166885221
відгуки,0.10131645846603797
басейну,0.10063018840187159
розмір,0.10026073326950698
стійці,0.10016923543246711
вечора,0.1001040896314144
телевізор,0.09887309437227249
піти,0.09878114044894441
телевізором,0.09859124342715923
низька,0.09808540672529144
точно,0.09782224015956162
зовні,0.09716965629236507
заїзду,0.0965514434023464
видають,0.09634556784414018
тепла,0.09609864592983955
першому,0.0957931274635618
виїхати,0.09542899471606385
посуду,0.0949651110413316
fi,0.09437270270789294
wi,0.09421324949170551
ліжка,0.0941831271400296
реальності,0.09398375384188297
скористатися,0.09334535435968527
побачити,0.09261769532489697
матраци,0.0923028432525721
іншими,0.0922484197030951
будівлі,0.09183202507878456
тд,0.09175540741050532
всюди,0.09166347183110587
разу,0.09165109545447134
ок,0.09155919740819046
речами,0.09122271988004035
гігієни,0.08950221533982942
купа,0.08939525942698662
робить,0.08920072662108976
якому,0.08889713032637524
заїхати,0.0888386636723136
тв,0.08872984456053544
класу,0.08818956322622747
квартири,0.08792899955745244
стані,0.08792899955745244
подивитися,0.08705252200082367
рівня,0.0868986999852341
холі,0.08663346112413009
економ,0.08602836421801824
подзвонили,0.08601127912657434
фотографії,0.08592301685985387
ресторану,0.08551638584968065
дорого,0.08550458106112603
to,0.08509527893426252
великих,0.08506455743445115
постільну,0.08499105409469651
уже,0.08488888719003324
бажання,0.08461552310078936
вина,0.08399953293528196
даний,0.0838641895128279
вирішити,0.08373378572156878
стандарт,0.08326538983731417
сосиски,0.08266985946213201
хлопець,0.08237262142308185
питання,0.08218209263770454
is,0.08137538910913317
вихідні,0.0810040385248117
прибрано,0.08070154183367755
ніяких,0.08070154183367755
якій,0.08022410772618001
дійсності,0.080162737147012
вікна,0.08012615253570034
дітей,0.07970180521956709
дитини,0.07960636637028656
послуги,0.07922325240334822
отримали,0.07921650571448882
напої,0.07918474395033943
біля,0.07879674889008985
пізно,0.07850389979500576
was,0.07828431213199125
їхати,0.07776495695888665
практично,0.07676280593148652
яєчня,0.07623574945672207
навпроти,0.07587481489873292
люкс,0.07586566466065564
покращений,0.07532432313710129
дня,0.07496210433033107
жили,0.07409330835834783
знижку,0.07178792510340797
room,0.07161555181997695
додаткові,0.0713303945661975
частини,0.07089051912753894
жити,0.07058274638220914
само,0.0704889766567227
розташована,0.07048604667900704
водою,0.0701114235583291
номера,0.06995629068227227
вай,0.06993707312021634
ціні,0.0698172284144141
закладу,0.06943526986496246
замовляли,0.06925596235294593
прибирання,0.06878951076953087
відчувається,0.06836726082128591
ресепшн,0.06834586954303684
ходили,0.06832488442647229
кухні,0.06785901678211835
одну,0.06677089806912477
різні,0.06583450829687712
одразу,0.06509186302288254
об,0.06392872315368602
сервісу,0.06334110368242386
зірок,0.06285836365312787
фото,0.06238770065442063
готелях,0.06204059227418258
гроші,0.0614860397227799
чергу,0.06139638663829087
ньому,0.06087429342946684
категорії,0.06086513949938335
приїхав,0.060712188809652255
пару,0.060636466091114734
омлет,0.06024557835952686
рецепція,0.06018609003919504
таку,0.060115753253568355
словом,0.060069485264188524
принципі,0.0592984041456889
зручностей,0.05916763042845218
прибирають,0.05885031203295451
випити,0.058711404473189406
ночей,0.05779896439309068
продуктів,0.05778334818763043
можу,0.05674099923675698
напівлюкс,0.05658582100831292
декілька,0.05461730560690138
кімнати,0.05456152312889732
меню,0.054116187152675604
вайда,0.05388678485954541
холодною,0.053546295244375756
фай,0.05141216573169003
ринку,0.05141216573168995
швидкість,0.05141216573168995
кількість,0.050742474801914114
столик,0.049966924857509046
кави,0.049710160358399
будинок,0.0494833935818655
кондиціонер,0.04880252873698454
окремо,0.048706272355765044
виїзду,0.04842045827377893
повний,0.04836447264968457
йдуть,0.048109530181604354
офіціанти,0.047905057989997425
випадок,0.047551744918451884
вільний,0.047481872103257584
заселилися,0.04725620596053224
інтернет,0.04696587203680667
варіанти,0.0455033061211697
квартирі,0.04546283321848874
очікували,0.04473058037517478
їхали,0.044280733211654065
вообще,0.04391491080881822
даху,0.04367052612547598
одномісний,0.04289631480916031
заїзд,0.042626407948294004
же,0.04218166805084635
тарілки,0.04207213947754651
загальному,0.04141261849749219
траси,0.04079318972139596
трамвай,0.040763431294503265
спілкування,0.04059929644947246
із,0.040339235767686416
20,0.03993997735518239
роботу,0.039177709314678365
входом,0.039177709314678275
місця,0.03881022000357718
машину,0.03771088805430179
порядку,0.03717172661707973
санвузол,0.03713500602164876
100,0.03511637738612257
гель,0.03472786762662479
всередині,0.03413484837729795
вартість,0.03398383369817507
шведського,0.0338625262152923
кровать,0.033537441961985714
поснідати,0.03314086967896431
різних,0.032608601908984326
реєстрації,0.0322288493593505
роботі,0.032213703690482716
лобі,0.03160377237813749
проживали,0.030936580021892243
сир,0.030890498587088238
перебування,0.03084284461415373
ситуації,0.030825634949912438
in,0.030727566871838963
жінка,0.030113458805800238
своєму,0.029047508753817206
усіх,0.028878868036469576
сніданком,0.028775344024228867
ресепшені,0.028436997863206255
ванною,0.028257729906520826
знімали,0.027717499933479918
дорогу,0.02678969082335793
клієнта,0.026054441313248525
раннього,0.025858061259301856
числі,0.025800081887758092
рецепції,0.02565861488064
км,0.02508322700934082
щітки,0.0237949006955285
відпочивати,0.022829848070632368
йогурт,0.02266972877130603
приїхала,0.02255542570921621
тримати,0.022490416431061276
маленькою,0.02172216946731868
норм,0.021448942354246717
прям,0.02110025146285113
відповідав,0.019472454341158327
зробили,0.019340712573914995
the,0.019227482360288775
сумки,0.019227482360288685
залишили,0.01772905252911744
таксі,0.017652999130397355
пішли,0.017455800857407156
повечеряти,0.017427668421322644
вперше,0.01686704397956653
дорозі,0.016490245493893357
дитиною,0.014428599478519983
перебувати,0.01405724889419841
багатьох,0.01350135445952565
наявності,0.013215186544799529
абсолютно,0.012304141982000886
постільна,0.011959164377998504
зоні,0.011903624448016351
of,0.010983508676081808
стандартний,0.009288959826108898
готувати,0.009123103615613736
добиратися,0.008563806072887965
ресторані,0.008351253879839269
кожному,0.007842561319190361
балкона,0.007773010877916493
хостелі,0.007506680032608256
сантехніка,0.007352955089264691
хоче,0.006531152727643579
робочий,0.006132184270140999
даному,0.005996774032266904
шампунь,0.005305091214417344
дітьми,0.004299621086048711
вечері,0.004159684084063668
бар,0.004065929540679823
шампуні,0.0038757714360491283
for,0.0025635981938729882
послуг,0.0022870303427742545
рушники,0.0015275358977800625
тапки,0.0012068508177007695
включений,-0.0006063479934649634
яке,-0.0010425900209359946
готелем,-0.0012053856260210959
кожного,-0.001989426899550466
поселили,-0.0024890651438422553
двір,-0.0037868810618266594
замовити,-0.004475602044133053
здивувало,-0.00453923959746005
вихід,-0.005242803847656828
правда,-0.006304126218079632
провести,-0.006579781245996821
25,-0.007454493489131413
речі,-0.007694188106727197
засоби,-0.00787040472749141
знаходиться,-0.00840839229240494
рішення,-0.008426535900783957
халат,-0.00844394423756971
автомобіля,-0.008514281023196485
ремонт,-0.009662714514477321
їжу,-0.009773137412347007
відпочити,-0.010040313355503368
апартаментів,-0.011639580015399123
підійде,-0.012180981891335362
джакузі,-0.012299640733412965
вище,-0.01304582349522853
користувалися,-0.013591468612921065
адміністратору,-0.013798138251178406
побажання,-0.014339865285979695
настрій,-0.015160715583185163
ять,-0.015534623898923216
невеликі,-0.016737656474025083
ін,-0.016942386823313626
подушок,-0.01699198929974277
вельми,-0.017045214924161826
прасування,-0.01813909636364177
мило,-0.019389466571840236
робота,-0.02001192625366749
терасі,-0.02113850141692176
and,-0.02201675142684354
входить,-0.02204968870507425
високий,-0.022259985531159154
прохання,-0.022398457280262386
місці,-0.0225840859058299
приїхали,-0.02270243746710826
апарат,-0.022945972389847833
ванна,-0.02298077952946049
пляшка,-0.023518203162276433
відповідає,-0.024045923032992883
готові,-0.024308548206428335
раджу,-0.024830829053764412
проживання,-0.024976180131764673
поїзда,-0.025122087904648385
готелів,-0.02529446118807949
ранній,-0.025701454986203243
меблі,-0.026499293218803968
рівень,-0.02701444158235323
місць,-0.02703978630424801
рідко,-0.02818487209676432
залишилася,-0.028842738419998456
дворі,-0.029560765661618124
брали,-0.03014135416086685
україні,-0.03192504008709264
виїзд,-0.03210546237455444
білизна,-0.03214773417366908
електрочайник,-0.03278588176022874
авто,-0.03285710733748083
свій,-0.033224973018478564
апартаментах,-0.03343333587498585
кімнатою,-0.033446213207625405
обід,-0.033871679302788824
прямо,-0.03561992779776008
готелі,-0.036423248802495534
менш,-0.03866820073982259
вечерю,-0.038867268377353284
дивлячись,-0.03890387753879321
повертатися,-0.039198542096716735
відповідають,-0.04026981961471499
метрах,-0.04060630502110708
приносять,-0.04140713117421194
чашки,-0.041629785747043305
повністю,-0.042177937665038134
капці,-0.04402316171036071
заселитися,-0.04430636646894769
подають,-0.044685322283694394
кімната,-0.044977422430503074
комфорту,-0.0454978472763664
адміністратор,-0.04584583966830547
туристів,-0.04730364813962886
сиром,-0.048702987151577774
вигляді,-0.04877202689131517
поселення,-0.04898362979908412
страв,-0.04932425512941935
ціну,-0.04937652091235655
very,-0.04961441347119861
дівчина,-0.05199011582965529
матрацом,-0.05294004009483247
машині,-0.055176119257384894
міняли,-0.05710921250772518
своїм,-0.05761043067955648
страви,-0.05801830599670286
хочеться,-0.05886180883434792
вулиця,-0.05906143856983414
заселення,-0.05919614430125646
щодо,-0.059309837145696195
відношення,-0.061793635621933865
каву,-0.06272149967280365
машина,-0.06326479229333909
балкон,-0.06337257104607068
нарікань,-0.06359606936916268
подвір,-0.06390662551390192
готелю,-0.06436503721030211
міні,-0.0646763026421087
підходить,-0.06502953180762193
транспортом,-0.0664184828784707
вибрали,-0.06644377593819677
зубна,-0.06814109642175252
високі,-0.06957481948084177
сирники,-0.07014156167519803
24,-0.07060856785939759
гаряча,-0.0719782823137493
затишку,-0.0720956157701612
люблю,-0.07243947523539586
бізнес,-0.07303277380021327
шуму,-0.07332471426972093
вигляд,-0.07338480672261634
пізній,-0.07387220916139042
шафа,-0.07404575143085353
комплексу,-0.07418810106073055
внутрішній,-0.07430140512657098
одноразові,-0.07594028203076338
приготування,-0.0759871694242668
допоміг,-0.07620575569609205
млинці,-0.0782626536018232
поблизу,-0.07833170039779234
круасани,-0.07892160276331613
загалом,-0.07909640432812452
білизну,-0.0794239677492371
надали,-0.0825506513904887
39,-0.0844507372328722
раннє,-0.08469156833465326
дівчинка,-0.084807581286299
харчування,-0.08502259629947218
чистотою,-0.08509220902902864
усі,-0.08530840142471688
багаж,-0.08622084150481563
зупинилися,-0.08645645495527286
вчасно,-0.08689053243459155
зупинявся,-0.08728126073976249
охорона,-0.0873339163239486
холодильник,-0.08742757605220679
невелика,-0.08789144203158285
відчуваєш,-0.0881355246352265
незважаючи,-0.09143816018531212
починаючи,-0.09195524851536788
ціною,-0.09496199887458849
відрядження,-0.09526946400736219
перекусити,-0.09577211971382592
10,-0.09591160322741324
будівля,-0.09697556216268063
поїзд,-0.09732948554923473
метрів,-0.09752684728037654
влаштувало,-0.09772138008627325
цілому,-0.0985644163008534
зустрів,-0.09985550959895907
дружиною,-0.10119799747446839
варіантів,-0.10217175232613994
15,-0.10431919432834265
транспорт,-0.10484484833901937
великою,-0.10658087123119506
території,-0.10717126531143234
місті,-0.10738483813757733
поїсти,-0.10801111945915191
доволі,-0.10888482614075945
білі,-0.11117662292034422
старого,-0.11299333499879659
хорошого,-0.11309722077417611
чистоту,-0.11339808291430224
приїхати,-0.11368370902252808
найбільше,-0.1138211657357829
великим,-0.11426742559846735
міняють,-0.11450779747075296
чистим,-0.11504910937169814
простий,-0.11543843658907857
стіл,-0.11606470547074844
кава,-0.11631653014778914
зал,-0.1167826124779574
своєю,-0.11747072067381677
порції,-0.11786114353752303
всі,-0.11900306787295807
теплі,-0.11923332313687063
окрема,-0.12158801634684939
номер,-0.12172513455021217
загальна,-0.12184980330512697
транспорту,-0.12345572777729155
набір,-0.12410195771493295
балконом,-0.12467909332399119
відрядженні,-0.12467909332399126
гуляти,-0.12467909332399126
працівники,-0.12467909332399126
очень,-0.12926099169867153
отеля,-0.12932399836975486
відвідування,-0.12958642781873542
декількох,-0.13035622621568177
районі,-0.13174094781147805
hotel,-0.13223223121443714
персоналу,-0.13282976943974814
кавою,-0.13311226086085404
здорово,-0.13331346284819293
хлопці,-0.13339432522220324
прийти,-0.13435197606647534
ліжко,-0.13564257118736173
буквально,-0.13855549680797966
достатньо,-0.13961557930420537
площа,-0.14407046082376088
завтрак,-0.14426514528999002
магазинів,-0.14557701735320885
співробітники,-0.1462511993661831
ресторан,-0.1478838764669431
тапочки,-0.15260764520613337
щітка,-0.154963897228459
переночувати,-0.15502310978317652
чай,-0.15728189524928743
ціни,-0.1586134987763431
дістатися,-0.1587588828962667
нормальні,-0.15902856821543693
хвилин,-0.15955758561683644
умови,-0.15963426225893348
виселення,-0.1599395295081073
чоловіком,-0.1614019003487312
задоволення,-0.16166265957716122
вибрати,-0.16187878024940106
квартира,-0.16220097045806411
сюди,-0.1628511372245357
хочу,-0.16303786181163507
кафе,-0.1649274890998907
місцем,-0.16497368818316419
якості,-0.16739435221804336
персоналом,-0.17181311271346972
чаєм,-0.17310097556607804
фен,-0.17336194096415358
трамваї,-0.17352766086180832
центра,-0.173665554014865
сімейний,-0.17381632453604698
приналежності,-0.17481238394495438
хол,-0.17537180156017856
величезні,-0.1765107315968596
зміна,-0.1765107315968596
клас,-0.1765968925894848
охороняється,-0.17738544383999422
наступного,-0.17844223880917945
спа,-0.18197449727842355
важливо,-0.18267104030167805
зроблено,-0.18352176433845438
плюси,-0.18467702299927655
бюджетний,-0.18710664881521122
громадського,-0.1885435812875104
невеликий,-0.18886650174291966
чайник,-0.189668580884533
сніданок,-0.19001516504207047
вибір,-0.1907361172635309
києві,-0.19227167412475601
найголовніше,-0.19294392488251763
єру,-0.19297253358987648
меблями,-0.1930663303179118
сейф,-0.19332234793170794
постіль,-0.19538436304023993
зубні,-0.1989251216961039
апартаменти,-0.20001251977069598
відповідало,-0.20010019049830938
цукор,-0.2023497483463776
поряд,-0.2029273755715698
зупинятися,-0.20425895755646475
халати,-0.20543959377330917
їдальня,-0.20555020330099083
легко,-0.20748085242068073
ставлення,-0.20768193709611396
нормальна,-0.20911661511493995
доїхати,-0.2095992539665054
сподобалося,-0.21124478606550476
готель,-0.21441923723358544
пляжі,-0.21524892830102865
кулер,-0.21632486633969042
шведський,-0.21706987219265444
сподобалася,-0.2178488056915856
прогулянки,-0.2195160977091825
приготувати,-0.22072826465891157
необхідності,-0.22158910633204779
посидіти,-0.22288357668504655
включаючи,-0.22613673408276835
помешкання,-0.22638798921381637
відпочинок,-0.2275302999694529
зупинялася,-0.22771598848446145
зупинялися,-0.22845050877191997
плюс,-0.23037527273570182
розташований,-0.23185579772103687
дешево,-0.23188906297185968
сауна,-0.23244980479527727
величезна,-0.233295865865298
сподобалися,-0.23382356274905924
зручно,-0.2357388922083078
посуд,-0.2378137360838002
обслуговуючий,-0.23981392643824678
місту,-0.23996644425611047
праска,-0.2410515861014798
трансфер,-0.2414999397101118
окремий,-0.2415430651241687
отель,-0.24179249242033468
залишити,-0.24323307250731327
завчасно,-0.24424504616843024
очікування,-0.24449838579625957
їжа,-0.24678853991342692
поїздки,-0.24961782993229126
величезний,-0.2502793601164117
дрібниць,-0.2504718999851308
порядок,-0.25143877382391694
відпочивали,-0.2514698347938846
завдяки,-0.25155232970949093
знижка,-0.25192178484185546
номери,-0.2525753475201846
найкращий,-0.2530510057706852
можливість,-0.2544111374665507
питань,-0.25704184801149815
язно,-0.2581504124820416
готельний,-0.25995866327051
район,-0.2602503706508431
опису,-0.26034169532406437
холодильником,-0.26133361311019954
сподобалось,-0.26243634217244066
пляжу,-0.2664313289419413
стоянка,-0.2673465968927228
головне,-0.26875284037255226
швидко,-0.26943698660340476
кухнею,-0.270111422835188
залишилися,-0.27041675191355957
варіант,-0.27397717579173597
вид,-0.27498166940880614
басейн,-0.27565526323018
єю,-0.27594676865464035
львові,-0.27624031005270533
ремонтом,-0.28048489230797896
хв,-0.2805993292320395
зона,-0.2812168160039936
одесі,-0.2830142291481283
видом,-0.2843799361915031
безкоштовно,-0.28549740101435994
провели,-0.2859678519711351
кращих,-0.28740639082169106
повернутися,-0.29015137636937843
цілодобово,-0.29101051509051623
усе,-0.29123102511399096
техніка,-0.2924182780149066
зустріч,-0.29347111363817313
подобається,-0.2961054903235016
цілком,-0.2978999223539662
плюсів,-0.2982231633657925
ночівлі,-0.2984663974701082
заселили,-0.2997911084881222
свіжі,-0.3020058993919795
стійка,-0.30232418044829423
вдруге,-0.30355302677224794
есть,-0.30446649793963626
нормальний,-0.3050001229625956
аеропорт,-0.30563839594028847
ідеально,-0.30566662162397584
дівчинки,-0.3059099920320837
закладів,-0.30609918588473944
відмінно,-0.3060991858847395
центру,-0.3070010228847316
зупинитися,-0.308423316608198
обслуговування,-0.3087770615718193
народження,-0.3091339158644746
круто,-0.3096157596075766
фрукти,-0.3138821250437996
ціна,-0.31529475175201144
неймовірно,-0.31556278640375923
готовий,-0.3158492603468004
сніданки,-0.3169375646110725
камера,-0.3172384668383601
безліч,-0.3204250403761425
сервіс,-0.3207614214351787
однозначно,-0.3226285896511115
пральна,-0.3234625388716542
плита,-0.32425144822919544
зустріла,-0.3254121468672645
розміщення,-0.32564864347794614
неподалік,-0.3269549352815458
погуляти,-0.32817464095946786
очікуванням,-0.32915374687092497
світлі,-0.3293824131823302
посудом,-0.3295684198160122
проблем,-0.332577716455486
смак,-0.33369061823517543
комплекс,-0.33375355490391884
парковка,-0.33397943646640266
зберігання,-0.33586977475829105
львів,-0.3360307885637885
києва,-0.33731053474348544
реєстрація,-0.3377539186328426
дівчатка,-0.3402788936633462
велика,-0.34397101354240306
хвилини,-0.3442949615080557
здивував,-0.34652784294034766
свіжа,-0.3480761315032083
якісно,-0.3495648796658297
місто,-0.35005871183548093
оперативно,-0.35077872009400607
паркінг,-0.35094336590467984
плюсом,-0.3516073684696227
комплімент,-0.35168273410658457
відпочинку,-0.35317654878729016
цінами,-0.3539097965629472
якість,-0.3570451192640872
великі,-0.35923328355047035
зупинюся,-0.36265734324088345
пляж,-0.3637868483818533
щодня,-0.36400837069316133
мікрохвильовка,-0.3649366211778831
сподобався,-0.367109652077825
самий,-0.3685936195669145
адміністратори,-0.369593147009041
уважні,-0.3708604209806273
відносно,-0.37108813809599234
дівчата,-0.37334175600891006
майданчик,-0.37639290958058846
рекомендую,-0.3784518855112375
львова,-0.37871252631174895
дитячий,-0.3793203563366552
стилі,-0.3806428751063211
київ,-0.3810226087898229
кращий,-0.3847757317222772
максимально,-0.38528043193236433
розташуванням,-0.3858375769502802
прогулятися,-0.39079983907771615
біла,-0.39094698272876066
якісна,-0.3921004880068923
приїду,-0.3921679407494218
пішки,-0.3936764029868875
відзначити,-0.39523422861999397
станції,-0.3980055578266618
наявність,-0.3984161625369524
доступна,-0.39891591240003593
допомогти,-0.40023827044582383
рукою,-0.4004732655718991
жд,-0.40114089749723547
питна,-0.4017969315825612
готують,-0.401876479981337
відвідати,-0.4022279931384496
класно,-0.4045197899180344
зупинки,-0.404953867397353
найкраще,-0.40495386739735306
дошка,-0.4069596529751335
господар,-0.4114016239480956
стиль,-0.416707844873182
закрита,-0.4172759214511097
шалено,-0.41802226032168144
допомогу,-0.41907851008895936
кав,-0.4196349412757792
допомогли,-0.42570908898797244
кафешки,-0.42803775130655514
понравилось,-0.4293132132567978
зручностями,-0.430588853606059
ресторанів,-0.4362724315607296
метро,-0.4386657174661376
рівні,-0.43974934626824647
планувальна,-0.44043234580867885
зручності,-0.4426980014561782
зручний,-0.44468078258334653
кухня,-0.44538148774773045
хороша,-0.4474916866227279
позитивні,-0.45203802771032164
прогулянок,-0.453737812588216
господарі,-0.4565487899220444
подати,-0.45951565144717593
обстановка,-0.4597281762774034
радує,-0.45978887856024786
оформлення,-0.4637991385961118
язаний,-0.46473319688967923
великий,-0.4673325976870567
косметика,-0.4694880135665597
висоті,-0.47335072342319906
обов,-0.47358731021781136
моря,-0.47407944636709926
комфорт,-0.47413916940997447
аеропорту,-0.4751008642037416
дворику,-0.4778067575796666
магазин,-0.47832142619439666
поїздок,-0.48219044494042074
ліс,-0.48219044494042074
якісні,-0.48680013396953353
балкончик,-0.4873051602344845
парку,-0.48991006663590403
надзвичайно,-0.490998264079903
задоволений,-0.49127497290220007
приємно,-0.4938473594260044
добрий,-0.49387068915026683
якісний,-0.49403240744738897
велике,-0.4959488825931596
свіже,-0.49595224724781456
приємним,-0.49696296663349615
люб,-0.49801760699069375
безкоштовний,-0.499707309246293
охороною,-0.504047862449577
нові,-0.5055248048079067
схову,-0.506065692943532
комфортно,-0.506570393153619
вибором,-0.5067423398971908
зручність,-0.51053060238829
площі,-0.5138756341899496
море,-0.5149997051258369
дворик,-0.5226191019960289
нова,-0.522994951852376
ввічлива,-0.532838267177715
гарно,-0.5375261482743674
дійти,-0.5380254330374291
рекомендувати,-0.5406636046896716
дозволили,-0.5413931028711104
супер,-0.543293651116049
одеси,-0.5438740490869374
зупиняюся,-0.5473451900461869
повернуся,-0.5477298225790601
язково,-0.5482602743279515
інтер,-0.5484925135701375
вокзал,-0.5514695750976459
міста,-0.5556978183329141
прийом,-0.5561522653389303
близькість,-0.5605346310143561
піч,-0.5615371680263985
цілодобовий,-0.5658877921530093
вдома,-0.5667189780180213
пам,-0.5685858406850127
бонус,-0.5705426543132116
спокійно,-0.5709340085661904
хорошому,-0.5753430527422992
рекомендуємо,-0.5757585461793034
сучасні,-0.5760949478087519
друзям,-0.5802962287483289
жуляни,-0.5808893536816715
комфортним,-0.5854099318554845
зупинка,-0.5856296609175473
зручні,-0.5859550144270743
місце,-0.5879457769969897
назустріч,-0.5900619447724096
єр,-0.5927757223935654
зустріли,-0.5934482736788879
чисте,-0.5945441535047666
власна,-0.5979226929804519
спокій,-0.5997850568083282
приїдемо,-0.6044364379695132
привітна,-0.6127957323451169
тц,-0.6136995713433615
станція,-0.6146015332083793
смачно,-0.6149725838255906
ідеальна,-0.6207983642715691
зручна,-0.6236005729728756
високому,-0.6276808670236311
новий,-0.6288153195222094
тераса,-0.6305244993055484
сторонніх,-0.6309585767848671
свіжий,-0.6338511551865278
запахів,-0.6374182072534489
дерибасівській,-0.6397325010923723
господиня,-0.6418912878079326
чиста,-0.6436383405142101
розв,-0.6453809193500544
щоденне,-0.6475578386043288
непоганий,-0.6479712555626329
хорошим,-0.6561580103662464
зупиняємося,-0.6567160502527314
приємне,-0.6606094062349196
красиві,-0.6613860380278977
задоволена,-0.6652018569096172
смачну,-0.6657826587105279
привітність,-0.668747137674267
мікрохвильова,-0.6713245605620776
ресторани,-0.6768472147063165
центр,-0.679249384548911
вокзалу,-0.6825930782478579
необхідні,-0.6842806456290688
місцезнаходження,-0.6856584798566432
ідеальний,-0.6865511006320992
персонал,-0.6873906560530634
безкоштовна,-0.6875036779538409
територія,-0.6882320877312168
порадували,-0.6947605700391848
чистота,-0.6957137513192388
зручним,-0.6976367029476465
красиве,-0.6997813714142357
милі,-0.7092483524916182
ринок,-0.710609584351418
залізничного,-0.710711639217803
смачним,-0.714504628234942
близьке,-0.7145046282349421
повернемося,-0.7200057019929853
центрі,-0.7217024026851869
комфортна,-0.7259516057745398
аркадії,-0.728802245215727
пристойний,-0.7312395858786301
ввічливі,-0.7321341165386599
посмішкою,-0.7327294483411411
гарна,-0.73742236367092
хата,-0.7398720999232361
різноманітні,-0.74146234147266
дніпро,-0.7417870129646138
язка,-0.7435525836616037
смачне,-0.7444678516123853
місцерозташування,-0.744772512783703
поєднання,-0.7475226905752458
гідний,-0.7487892253950278
задоволені,-0.751070428674972
охайний,-0.7530680233743028
местоположение,-0.7536353578532892
отлично,-0.7540131695186156
порадував,-0.7550564719264359
привітні,-0.7569215933064128
хвилинах,-0.759888210479879
парк,-0.761049506541898
співвідношення,-0.7695978393054393
яток,-0.770841217165309
продумано,-0.7718757109440534
хороші,-0.7750675735783363
приємні,-0.7790123676746308
різноманітний,-0.7803591960213335
транспортна,-0.7808971172390602
комфортного,-0.7832204406044019
своя,-0.785219826821253
красиво,-0.7854264592912917
величезне,-0.7917012806603945
непогане,-0.7922061642245191
вокзалом,-0.792273533259309
дякуємо,-0.7957490348463403
ходьби,-0.7960919440484454
березі,-0.7983142784646379
акуратно,-0.8006794953285711
смачна,-0.8020179184618341
кроком,-0.8033731416856985
расположение,-0.805165691965997
цілодобова,-0.8069680862907722
вищому,-0.8091795916393378
цікавий,-0.818509458007599
локація,-0.8194061310806071
озеро,-0.8197714425968083
всяких,-0.82364909766001
подарунок,-0.8257122582237835
усім,-0.8268542375352215
смаком,-0.8310912904784761
зупинимося,-0.8362051346040462
дизайн,-0.839503016581802
порадувало,-0.8407984189282081
теплий,-0.8414459839025048
швидкий,-0.8453683473532464
нове,-0.8464263125095801
гарні,-0.8502468661538048
відмінним,-0.8516778212602536
розташування,-0.8583911390305907
чудова,-0.8585665587704236
чисті,-0.8597877327480253
комфортне,-0.8619341167358026
задоволенням,-0.8622411638330107
пузата,-0.8650417828182352
зайвого,-0.8658152371311347
порадувала,-0.8686162431765333
білосніжні,-0.8816410446376969
большое,-0.8834468455009593
тепло,-0.8842846154933307
тихий,-0.8863450101369648
красива,-0.8899750230220479
смачний,-0.9009628303272723
хороше,-0.9012188595510555
центром,-0.9014087565728407
гостинний,-0.9028303437076349
окреме,-0.9033910855310526
лякливий,-0.9056596337264992
професійний,-0.9121133272767414
комфортні,-0.9170707828222451
усміхнений,-0.9176541200246592
приємна,-0.9179497164552768
тиха,-0.9234447989055548
спасибо,-0.9271571934406172
атмосфера,-0.9278583494095659
супермаркет,-0.9324456443891994
гостинність,-0.9329275879106759
приємний,-0.9332939370682226
вдале,-0.9346520563250175
хороший,-0.9391396353648774
спокійний,-0.9418544516093417
тихо,-0.9420342238199908
охайно,-0.9450995064224886
чисто,-0.9461494602115037
молодці,-0.947811615148533
захваті,-0.9485878342683101
прекрасна,-0.9496206397060778
аркадія,-0.9505574271312145
чуйна,-0.9524030372688254
класний,-0.95328295547669
приголомшливий,-0.9608222906853218
смачні,-0.9619687767057253
відмінна,-0.9630175496909514
прекрасні,-0.9639941653097104
недорого,-0.9707161488000757
привабливий,-0.9710677568197428
особлива,-0.9738936995330802
тиша,-0.9799962985199342
привітно,-0.9845630543942415
ситний,-0.9867848134552004
театру,-0.9899805194265351
пішій,-0.9978058569384917
затишок,-1.0108563616211526
красивий,-1.012605139051629
шикарний,-1.0256598266220205
сучасний,-1.0295748811791972
ненав,-1.0320061332591894
прекрасний,-1.035566318155797
прийнятна,-1.0454978472763665
ситні,-1.0454978472763665
чистий,-1.0471821213600698
комфортний,-1.0500454750270871
зручне,-1.0507235305620173
пішої,-1.0525181901520932
чистенько,-1.061735046147052
оперного,-1.0625311865751468
доброзичливі,-1.07352657087661
гарний,-1.0836107599037474
ятки,-1.0938025268509215
доглянута,-1.0970955716919029
визначних,-1.0972932928343588
продуктовий,-1.100493708805508
чудові,-1.1068246442669212
доступності,-1.1099558365032849
відмінні,-1.114919256034835
домашня,-1.1163270189592256
дерибасівської,-1.1173798545824918
чудовий,-1.1291307489380904
простора,-1.1303071783324175
симпатичний,-1.1308394020288097
акуратний,-1.1389195324386014
відмінний,-1.1479025623043824
спокійне,-1.1488127730407107
просторі,-1.1494815120848678
магазини,-1.1603118202862024
затишне,-1.1625480716716161
світлий,-1.1736816386978135
домашньому,-1.1742201316147933
затишно,-1.174430035370872
привітний,-1.1806494817976594
уютне,-1.1822184144327732
тихому,-1.1824296985439233
шикарні,-1.1957424491494366
серці,-1.1998203615698761
уважний,-1.2007786626062018
затишний,-1.2069856383638187
крокової,-1.2299708750308243
чуйний,-1.2377255397586266
тихе,-1.2455271138301367
затишні,-1.2499569900291092
ідеальне,-1.269866078835752
визначні,-1.2759467686546404
білосніжна,-1.2766760626663272
чуйні,-1.2847973264032588
стильно,-1.2934711136381731
прекрасне,-1.294464695590427
послужливо,-1.302696273415711
перевершив,-1.3031764221455509
затишна,-1.3217042592153154
необхідне,-1.3296085719867017
доброзичливий,-1.332892362472676
подяка,-1.3421630375378977
милий,-1.3432583583755002
ввічливий,-1.3453551298554056
турботливий,-1.3465278429403476
гарне,-1.3477806626851498
швидке,-1.362632209731116
просторий,-1.37394321803285
чудове,-1.4077974996792704
необхідним,-1.410236402331765
похвал,-1.4967724448134179
відмінне,-1.518472741908383
шикарне,-1.5216529292240084
просторо,-1.6132298098244355
стильний,-1.7534085129894723
торговий,-1.7967769512597087
